role_id,role_name,question_id,round,score,score_reason
R1,Undergraduate,Q1,pre,2,"Gets that drought involves humans and nature, but does not mention definitions or analysis framework."
R1,Undergraduate,Q2,pre,1,"Confuses drought with water shortage and mostly says both mean not enough water."
R1,Undergraduate,Q3,pre,1,"Recognizes climate vs human drought but misses human-modified drought."
R1,Undergraduate,Q4,pre,1,"Says normal means average rainfall, missing human-influenced thresholds."
R1,Undergraduate,Q5,pre,2,"Understands rainfall is not enough, but gives limited hydrological reasoning."
R1,Undergraduate,Q6,pre,1,"Suggests collecting rainfall and groundwater data but misses comparison to naturalized or undisturbed references."
R1,Undergraduate,Q7,pre,2,"Understands abstraction can worsen drought and reservoirs can help, but lacks input-output-storage framing."
R1,Undergraduate,Q8,pre,1,"Mostly says severe drought causes severe impacts, missing vulnerability."
R1,Undergraduate,Q9,pre,1,"Gives a vague loop idea but not management response changing future drought."
R1,Undergraduate,Q10,pre,1,"Says framework is useful but hard, with little specificity."
R1,Undergraduate,Q1,post,3,"Adds Anthropocene, natural-human interaction, and need to change definitions."
R1,Undergraduate,Q2,post,3,"Correctly separates below-normal water from demand exceeding supply, but limited timescale nuance."
R1,Undergraduate,Q3,post,3,"Explains all three drought categories with minor simplification."
R1,Undergraduate,Q4,post,3,"Explains threshold idea and human-influenced normal, but not seasonal/long-term complexity."
R1,Undergraduate,Q5,post,3,"Explains why hydrological water availability and management matter."
R1,Undergraduate,Q6,post,2,"Mentions comparing observed drought to natural or meteorological reference, but misses metadata and satellite details."
R1,Undergraduate,Q7,post,3,"Uses input-output-storage logic with examples."
R1,Undergraduate,Q8,post,2,"Recognizes vulnerability but gives limited integration with physical characteristics."
R1,Undergraduate,Q9,post,2,"Understands human responses can worsen or improve future drought, but lacks feedback-loop detail."
R1,Undergraduate,Q10,post,2,"Identifies holistic strength and difficulty, but lacks expert-level limitations."
R2,Master,Q1,pre,3,"Covers Anthropocene, human-natural drought processes, and revised definitions, but less detail on analysis approaches."
R2,Master,Q2,pre,2,"Separates drought from scarcity, but treats water shortage imprecisely."
R2,Master,Q3,pre,3,"Defines all three categories, with adequate attribution logic."
R2,Master,Q4,pre,2,"Recognizes baselines and thresholds, but misses natural vs disturbed threshold implications."
R2,Master,Q5,pre,3,"Explains hydrological perspective and management relevance."
R2,Master,Q6,pre,2,"Mentions observed vs naturalized comparisons but misses disturbed catchments, metadata, and satellites."
R2,Master,Q7,pre,2,"Provides examples but lacks timescale and storage/input/output framing."
R2,Master,Q8,pre,2,"Mentions vulnerability but not data and physical-social linkage needs."
R2,Master,Q9,pre,2,"Recognizes feedbacks but underdevelops why they matter for mitigation."
R2,Master,Q10,pre,2,"Gives a reasonable but generic strength/limitation answer."
R2,Master,Q1,post,4,"Complete main argument with definitions, multi-driver analysis, and research gaps."
R2,Master,Q2,post,3,"Clear distinction between drought, scarcity, shortage, and impacts with minor timescale gaps."
R2,Master,Q3,post,4,"Complete classification and relevance to attribution."
R2,Master,Q4,post,3,"Explains natural and human-influenced thresholds and why event identification changes."
R2,Master,Q5,post,4,"Strong hydrological-perspective answer connecting water use, management, and direct human influence."
R2,Master,Q6,post,3,"Covers comparison logic and some data needs, but less complete on metadata and experimental catchments."
R2,Master,Q7,post,3,"Good explanation of enhancement/alleviation through storage, inflows, and outflows."
R2,Master,Q8,post,3,"Connects physical characteristics to vulnerability and impact data."
R2,Master,Q9,post,3,"Explains response feedbacks and management implications."
R2,Master,Q10,post,3,"Identifies conceptual strength and operational limitations clearly."
R3,PhD,Q1,pre,4,"Complete article-level argument."
R3,PhD,Q2,pre,3,"Clear distinction, minor omission of impacts not being drought."
R3,PhD,Q3,pre,4,"Complete classification and attribution purpose."
R3,PhD,Q4,pre,3,"Understands thresholds and human-influenced normal, less on seasonal variability."
R3,PhD,Q5,pre,4,"Complete critique of meteorological-only view."
R3,PhD,Q6,pre,3,"Covers naturalized comparisons and data constraints, misses some satellite and metadata details."
R3,PhD,Q7,pre,3,"Good examples and process framing, minor lack of long-term vs short-term distinction."
R3,PhD,Q8,pre,3,"Strong impact-vulnerability answer, minor missing operational data discussion."
R3,PhD,Q9,pre,3,"Strong feedback explanation, less explicit on altering loops."
R3,PhD,Q10,pre,3,"Good critique but could better separate conceptual and implementation limitations."
R3,PhD,Q1,post,4,"Complete; no meaningful improvement needed."
R3,PhD,Q2,post,4,"Adds impacts and timescale distinction."
R3,PhD,Q3,post,4,"Complete."
R3,PhD,Q4,post,4,"Adds natural vs disturbed thresholds and seasonal/long-term baseline issues."
R3,PhD,Q5,post,4,"Complete."
R3,PhD,Q6,post,4,"Adds metadata, disturbed catchments, satellite products, and data-limit caveat."
R3,PhD,Q7,post,4,"Complete input-output-storage and timescale explanation."
R3,PhD,Q8,post,4,"Complete integration of physical characteristics, vulnerability, exposure, and impact data."
R3,PhD,Q9,post,4,"Complete feedback-loop and intervention explanation."
R3,PhD,Q10,post,4,"Complete strengths/limitations critique."
R4,Advisor,Q1,pre,4,"Complete and well-grounded."
R4,Advisor,Q2,pre,4,"Complete terminology distinction."
R4,Advisor,Q3,pre,4,"Complete classification and attribution relevance."
R4,Advisor,Q4,pre,4,"Complete threshold and baseline discussion."
R4,Advisor,Q5,pre,4,"Complete critique of meteorological view."
R4,Advisor,Q6,pre,3,"Strong but omits one or two implementation examples."
R4,Advisor,Q7,pre,4,"Complete."
R4,Advisor,Q8,pre,3,"Strong but could say more about impact-data linkage."
R4,Advisor,Q9,pre,3,"Strong but not explicit enough about identifying and altering feedback loops."
R4,Advisor,Q10,pre,4,"Complete expert critique."
R4,Advisor,Q1,post,4,"Complete; no meaningful improvement needed."
R4,Advisor,Q2,post,4,"Complete."
R4,Advisor,Q3,post,4,"Complete."
R4,Advisor,Q4,post,4,"Complete."
R4,Advisor,Q5,post,4,"Complete."
R4,Advisor,Q6,post,4,"Adds missing implementation examples and data constraints."
R4,Advisor,Q7,post,4,"Complete."
R4,Advisor,Q8,post,4,"Adds impact-data and vulnerability linkage."
R4,Advisor,Q9,post,4,"Adds altering feedback loops for mitigation/adaptation."
R4,Advisor,Q10,post,4,"Complete."

